-- phpMyAdmin SQL Dump
-- version 5.2.1
-- https://www.phpmyadmin.net/
--
-- Servidor: 127.0.0.1
-- Tiempo de generación: 02-12-2024 a las 12:59:02
-- Versión del servidor: 10.4.32-MariaDB
-- Versión de PHP: 8.2.12

SET SQL_MODE = "NO_AUTO_VALUE_ON_ZERO";
START TRANSACTION;
SET time_zone = "+00:00";


/*!40101 SET @OLD_CHARACTER_SET_CLIENT=@@CHARACTER_SET_CLIENT */;
/*!40101 SET @OLD_CHARACTER_SET_RESULTS=@@CHARACTER_SET_RESULTS */;
/*!40101 SET @OLD_COLLATION_CONNECTION=@@COLLATION_CONNECTION */;
/*!40101 SET NAMES utf8mb4 */;

--
-- Base de datos: `pafe`
--

-- --------------------------------------------------------

--
-- Estructura de tabla para la tabla `abdominales`
--

CREATE TABLE `abdominales` (
  `id_abdominales` int(11) NOT NULL,
  `id_genero` int(11) NOT NULL,
  `edad` int(11) NOT NULL,
  `repeticiones` int(11) NOT NULL,
  `porcentaje` int(11) NOT NULL
) ENGINE=InnoDB DEFAULT CHARSET=utf8 COLLATE=utf8_spanish2_ci;

--
-- Volcado de datos para la tabla `abdominales`
--

INSERT INTO `abdominales` (`id_abdominales`, `id_genero`, `edad`, `repeticiones`, `porcentaje`) VALUES
(1, 1, 12, 27, 100),
(2, 1, 12, 26, 98),
(3, 1, 12, 25, 96),
(4, 1, 12, 24, 94),
(5, 1, 12, 23, 92),
(6, 1, 12, 22, 90),
(7, 1, 12, 21, 88),
(8, 1, 12, 20, 86),
(9, 1, 12, 19, 84),
(10, 1, 12, 18, 82),
(11, 1, 12, 17, 80),
(12, 1, 12, 16, 78),
(13, 1, 12, 15, 76),
(14, 1, 12, 14, 74),
(15, 1, 12, 13, 72),
(16, 1, 12, 12, 70),
(17, 1, 12, 11, 68),
(18, 1, 12, 10, 66),
(19, 1, 12, 9, 64),
(20, 1, 12, 8, 62),
(21, 1, 12, 7, 60),
(22, 1, 12, 6, 58),
(23, 1, 12, 5, 56),
(24, 1, 12, 4, 54),
(25, 1, 12, 3, 52),
(26, 1, 12, 2, 50),
(27, 1, 12, 1, 48),
(28, 1, 13, 32, 100),
(29, 1, 13, 31, 98),
(30, 1, 13, 30, 96),
(31, 1, 13, 29, 94),
(32, 1, 13, 28, 92),
(33, 1, 13, 27, 90),
(34, 1, 13, 26, 88),
(35, 1, 13, 25, 85),
(36, 1, 13, 24, 82),
(37, 1, 13, 23, 80),
(38, 1, 13, 22, 78),
(39, 1, 13, 21, 76),
(40, 1, 13, 20, 74),
(41, 1, 13, 19, 72),
(42, 1, 13, 18, 70),
(43, 1, 13, 17, 68),
(44, 1, 13, 16, 66),
(45, 1, 13, 15, 64),
(46, 1, 13, 14, 62),
(47, 1, 13, 13, 60),
(48, 1, 13, 12, 58),
(49, 1, 13, 11, 56),
(50, 1, 13, 10, 54),
(51, 1, 13, 9, 52),
(52, 1, 13, 8, 50),
(53, 1, 13, 7, 48),
(54, 1, 13, 6, 46),
(55, 1, 13, 5, 44),
(56, 1, 13, 4, 42),
(57, 1, 13, 3, 40),
(58, 1, 13, 2, 38),
(59, 1, 13, 1, 36),
(60, 1, 14, 37, 100),
(61, 1, 14, 36, 98),
(62, 1, 14, 35, 96),
(63, 1, 14, 34, 94),
(64, 1, 14, 33, 92),
(65, 1, 14, 32, 90),
(66, 1, 14, 31, 88),
(67, 1, 14, 30, 85),
(68, 1, 14, 29, 82),
(69, 1, 14, 28, 79),
(70, 1, 14, 27, 76),
(71, 1, 14, 26, 73),
(72, 1, 14, 25, 70),
(73, 1, 14, 24, 67),
(74, 1, 14, 23, 65),
(75, 1, 14, 22, 63),
(76, 1, 14, 21, 61),
(77, 1, 14, 20, 59),
(78, 1, 14, 19, 57),
(79, 1, 14, 18, 55),
(80, 1, 14, 17, 53),
(81, 1, 14, 16, 51),
(82, 1, 14, 15, 49),
(83, 1, 14, 14, 47),
(84, 1, 14, 13, 45),
(85, 1, 14, 12, 43),
(86, 1, 14, 11, 41),
(87, 1, 14, 10, 39),
(88, 1, 14, 9, 37),
(89, 1, 14, 8, 35),
(90, 1, 14, 7, 33),
(91, 1, 14, 6, 31),
(92, 1, 14, 5, 29),
(93, 1, 14, 4, 27),
(94, 1, 14, 3, 25),
(95, 1, 14, 2, 23),
(96, 1, 14, 1, 21),
(97, 1, 15, 42, 100),
(98, 1, 15, 41, 98),
(99, 1, 15, 40, 96),
(100, 1, 15, 39, 94),
(101, 1, 15, 38, 92),
(102, 1, 15, 37, 90),
(103, 1, 15, 36, 88),
(104, 1, 15, 35, 85),
(105, 1, 15, 34, 82),
(106, 1, 15, 33, 79),
(107, 1, 15, 32, 76),
(108, 1, 15, 31, 73),
(109, 1, 15, 30, 70),
(110, 1, 15, 29, 67),
(111, 1, 15, 28, 65),
(112, 1, 15, 27, 63),
(113, 1, 15, 26, 61),
(114, 1, 15, 25, 59),
(115, 1, 15, 24, 57),
(116, 1, 15, 23, 55),
(117, 1, 15, 22, 53),
(118, 1, 15, 21, 51),
(119, 1, 15, 20, 49),
(120, 1, 15, 19, 47),
(121, 1, 15, 18, 45),
(122, 1, 15, 17, 43),
(123, 1, 15, 16, 41),
(124, 1, 15, 15, 39),
(125, 1, 15, 14, 37),
(126, 1, 15, 13, 35),
(127, 1, 15, 12, 33),
(128, 1, 15, 11, 31),
(129, 1, 15, 10, 29),
(130, 1, 15, 9, 27),
(131, 1, 15, 8, 25),
(132, 1, 15, 7, 23),
(133, 1, 15, 6, 21),
(134, 1, 15, 5, 19),
(135, 1, 15, 4, 17),
(136, 1, 15, 3, 15),
(137, 1, 15, 2, 13),
(138, 1, 15, 1, 11),
(139, 1, 16, 47, 100),
(140, 1, 16, 46, 98),
(141, 1, 16, 45, 96),
(142, 1, 16, 44, 94),
(143, 1, 16, 43, 92),
(144, 1, 16, 42, 90),
(145, 1, 16, 41, 88),
(146, 1, 16, 40, 86),
(147, 1, 16, 39, 84),
(148, 1, 16, 38, 82),
(149, 1, 16, 37, 80),
(150, 1, 16, 36, 78),
(151, 1, 16, 35, 75),
(152, 1, 16, 34, 72),
(153, 1, 16, 33, 70),
(154, 1, 16, 32, 68),
(155, 1, 16, 31, 66),
(156, 1, 16, 30, 65),
(157, 1, 16, 29, 64),
(158, 1, 16, 28, 62),
(159, 1, 16, 27, 60),
(160, 1, 16, 26, 58),
(161, 1, 16, 25, 57),
(162, 1, 16, 24, 56),
(163, 1, 16, 23, 54),
(164, 1, 16, 22, 52),
(165, 1, 16, 21, 50),
(166, 1, 16, 20, 48),
(167, 1, 16, 19, 46),
(168, 1, 16, 18, 44),
(169, 1, 16, 17, 42),
(170, 1, 16, 16, 40),
(171, 1, 16, 15, 38),
(172, 1, 16, 14, 36),
(173, 1, 16, 13, 34),
(174, 1, 16, 12, 32),
(175, 1, 16, 11, 30),
(176, 1, 16, 10, 28),
(177, 1, 16, 9, 26),
(178, 1, 16, 8, 24),
(179, 1, 16, 7, 22),
(180, 1, 16, 6, 20),
(181, 1, 16, 5, 18),
(182, 1, 16, 4, 16),
(183, 1, 16, 3, 14),
(184, 1, 16, 2, 12),
(185, 1, 16, 1, 10),
(186, 1, 17, 52, 100),
(187, 1, 17, 51, 98),
(188, 1, 17, 50, 96),
(189, 1, 17, 49, 94),
(190, 1, 17, 48, 92),
(191, 1, 17, 47, 90),
(192, 1, 17, 46, 88),
(193, 1, 17, 45, 86),
(194, 1, 17, 44, 84),
(195, 1, 17, 43, 82),
(196, 1, 17, 42, 80),
(197, 1, 17, 41, 78),
(198, 1, 17, 40, 75),
(199, 1, 17, 39, 72),
(200, 1, 17, 38, 70),
(201, 1, 17, 37, 68),
(202, 1, 17, 36, 66),
(203, 1, 17, 35, 65),
(204, 1, 17, 34, 64),
(205, 1, 17, 33, 62),
(206, 1, 17, 32, 60),
(207, 1, 17, 31, 58),
(208, 1, 17, 30, 57),
(209, 1, 17, 29, 56),
(210, 1, 17, 28, 55),
(211, 1, 17, 27, 54),
(212, 1, 17, 26, 53),
(213, 1, 17, 25, 52),
(214, 1, 17, 24, 51),
(215, 1, 17, 23, 49),
(216, 1, 17, 22, 47),
(217, 1, 17, 21, 45),
(218, 1, 17, 20, 43),
(219, 1, 17, 19, 41),
(220, 1, 17, 18, 39),
(221, 1, 17, 17, 37),
(222, 1, 17, 16, 35),
(223, 1, 17, 15, 33),
(224, 1, 17, 14, 31),
(225, 1, 17, 13, 29),
(226, 1, 17, 12, 27),
(227, 1, 17, 11, 25),
(228, 1, 17, 10, 23),
(229, 1, 17, 9, 21),
(230, 1, 17, 8, 19),
(231, 1, 17, 7, 17),
(232, 1, 17, 6, 15),
(233, 1, 17, 5, 13),
(234, 1, 17, 4, 11),
(235, 1, 17, 3, 9),
(236, 1, 17, 2, 7),
(237, 1, 17, 1, 5),
(238, 2, 12, 18, 100),
(239, 2, 12, 17, 97),
(240, 2, 12, 16, 94),
(241, 2, 12, 15, 91),
(242, 2, 12, 14, 88),
(243, 2, 12, 13, 85),
(244, 2, 12, 12, 82),
(245, 2, 12, 11, 79),
(246, 2, 12, 10, 76),
(247, 2, 12, 9, 73),
(248, 2, 12, 8, 70),
(249, 2, 12, 7, 67),
(250, 2, 12, 6, 64),
(251, 2, 12, 5, 61),
(252, 2, 12, 4, 58),
(253, 2, 12, 3, 55),
(254, 2, 12, 2, 52),
(255, 2, 12, 1, 49),
(256, 2, 13, 23, 100),
(257, 2, 13, 22, 98),
(258, 2, 13, 21, 96),
(259, 2, 13, 20, 94),
(260, 2, 13, 19, 92),
(261, 2, 13, 18, 90),
(262, 2, 13, 17, 87),
(263, 2, 13, 16, 84),
(264, 2, 13, 15, 81),
(265, 2, 13, 14, 78),
(266, 2, 13, 13, 75),
(267, 2, 13, 12, 72),
(268, 2, 13, 11, 69),
(269, 2, 13, 10, 66),
(270, 2, 13, 9, 63),
(271, 2, 13, 8, 60),
(272, 2, 13, 7, 57),
(273, 2, 13, 6, 54),
(274, 2, 13, 5, 51),
(275, 2, 13, 4, 48),
(276, 2, 13, 3, 45),
(277, 2, 13, 2, 42),
(278, 2, 13, 1, 39),
(279, 2, 14, 28, 100),
(280, 2, 14, 27, 98),
(281, 2, 14, 26, 96),
(282, 2, 14, 25, 94),
(283, 2, 14, 24, 92),
(284, 2, 14, 23, 90),
(285, 2, 14, 22, 88),
(286, 2, 14, 21, 85),
(287, 2, 14, 20, 82),
(288, 2, 14, 19, 79),
(289, 2, 14, 18, 76),
(290, 2, 14, 17, 73),
(291, 2, 14, 16, 70),
(292, 2, 14, 15, 67),
(293, 2, 14, 14, 64),
(294, 2, 14, 13, 61),
(295, 2, 14, 12, 58),
(296, 2, 14, 11, 55),
(297, 2, 14, 10, 52),
(298, 2, 14, 9, 49),
(299, 2, 14, 8, 46),
(300, 2, 14, 7, 43),
(301, 2, 14, 6, 40),
(302, 2, 14, 5, 37),
(303, 2, 14, 4, 34),
(304, 2, 14, 3, 31),
(305, 2, 14, 2, 28),
(306, 2, 14, 1, 25),
(307, 2, 15, 33, 100),
(308, 2, 15, 32, 98),
(309, 2, 15, 31, 96),
(310, 2, 15, 30, 94),
(311, 2, 15, 29, 92),
(312, 2, 15, 28, 90),
(313, 2, 15, 27, 88),
(314, 2, 15, 26, 85),
(315, 2, 15, 25, 82),
(316, 2, 15, 24, 79),
(317, 2, 15, 23, 76),
(318, 2, 15, 22, 73),
(319, 2, 15, 21, 70),
(320, 2, 15, 20, 67),
(321, 2, 15, 19, 65),
(322, 2, 15, 18, 63),
(323, 2, 15, 17, 60),
(324, 2, 15, 16, 57),
(325, 2, 15, 15, 54),
(326, 2, 15, 14, 51),
(327, 2, 15, 13, 48),
(328, 2, 15, 12, 45),
(329, 2, 15, 11, 42),
(330, 2, 15, 10, 39),
(331, 2, 15, 9, 36),
(332, 2, 15, 8, 33),
(333, 2, 15, 7, 30),
(334, 2, 15, 6, 27),
(335, 2, 15, 5, 24),
(336, 2, 15, 4, 21),
(337, 2, 15, 3, 18),
(338, 2, 15, 2, 15),
(339, 2, 15, 1, 12),
(340, 2, 16, 38, 100),
(341, 2, 16, 37, 98),
(342, 2, 16, 36, 96),
(343, 2, 16, 35, 94),
(344, 2, 16, 34, 92),
(345, 2, 16, 33, 90),
(346, 2, 16, 32, 88),
(347, 2, 16, 31, 86),
(348, 2, 16, 30, 84),
(349, 2, 16, 29, 82),
(350, 2, 16, 28, 80),
(351, 2, 16, 27, 78),
(352, 2, 16, 26, 75),
(353, 2, 16, 25, 72),
(354, 2, 16, 24, 70),
(355, 2, 16, 23, 68),
(356, 2, 16, 22, 66),
(357, 2, 16, 21, 65),
(358, 2, 16, 20, 64),
(359, 2, 16, 19, 62),
(360, 2, 16, 18, 60),
(361, 2, 16, 17, 57),
(362, 2, 16, 16, 54),
(363, 2, 16, 15, 51),
(364, 2, 16, 14, 48),
(365, 2, 16, 13, 45),
(366, 2, 16, 12, 42),
(367, 2, 16, 11, 39),
(368, 2, 16, 10, 36),
(369, 2, 16, 9, 33),
(370, 2, 16, 8, 30),
(371, 2, 16, 7, 27),
(372, 2, 16, 6, 24),
(373, 2, 16, 5, 21),
(374, 2, 16, 4, 18),
(375, 2, 16, 3, 15),
(376, 2, 16, 2, 12),
(377, 2, 16, 1, 9),
(378, 2, 17, 43, 100),
(379, 2, 17, 42, 98),
(380, 2, 17, 41, 96),
(381, 2, 17, 40, 94),
(382, 2, 17, 39, 92),
(383, 2, 17, 38, 90),
(384, 2, 17, 37, 88),
(385, 2, 17, 36, 86),
(386, 2, 17, 35, 84),
(387, 2, 17, 34, 82),
(388, 2, 17, 33, 80),
(389, 2, 17, 32, 78),
(390, 2, 17, 31, 75),
(391, 2, 17, 30, 72),
(392, 2, 17, 29, 70),
(393, 2, 17, 28, 68),
(394, 2, 17, 27, 66),
(395, 2, 17, 26, 65),
(396, 2, 17, 25, 64),
(397, 2, 17, 24, 62),
(398, 2, 17, 23, 60),
(399, 2, 17, 22, 58),
(400, 2, 17, 21, 57),
(401, 2, 17, 20, 56),
(402, 2, 17, 19, 55),
(403, 2, 17, 18, 54),
(404, 2, 17, 17, 51),
(405, 2, 17, 16, 48),
(406, 2, 17, 15, 45),
(407, 2, 17, 14, 42),
(408, 2, 17, 13, 39),
(409, 2, 17, 12, 36),
(410, 2, 17, 11, 33),
(411, 2, 17, 10, 30),
(412, 2, 17, 9, 27),
(413, 2, 17, 8, 24),
(414, 2, 17, 7, 21),
(415, 2, 17, 6, 18),
(416, 2, 17, 5, 15),
(417, 2, 17, 4, 12),
(418, 2, 17, 3, 9),
(419, 2, 17, 2, 6),
(420, 2, 17, 1, 3);

-- --------------------------------------------------------

--
-- Estructura de tabla para la tabla `alumnos`
--

CREATE TABLE `alumnos` (
  `id_alumno` int(11) NOT NULL,
  `catalogo` varchar(20) CHARACTER SET utf8 COLLATE utf8_spanish2_ci NOT NULL,
  `grado` varchar(30) CHARACTER SET utf8 COLLATE utf8_spanish2_ci NOT NULL,
  `nombres` varchar(30) CHARACTER SET utf8 COLLATE utf8_spanish2_ci NOT NULL,
  `apellidos` varchar(30) CHARACTER SET utf8 COLLATE utf8_spanish2_ci NOT NULL,
  `edad` int(11) NOT NULL,
  `peso` int(11) NOT NULL,
  `estatura` int(11) NOT NULL,
  `fecha_nac` date NOT NULL,
  `telefono` varchar(10) CHARACTER SET utf8 COLLATE utf8_spanish2_ci NOT NULL,
  `id_genero` int(1) NOT NULL,
  `direccion` varchar(200) CHARACTER SET utf8 COLLATE utf8_spanish2_ci NOT NULL,
  `estado` tinyint(1) NOT NULL DEFAULT 1,
  `fecha_registro` datetime NOT NULL DEFAULT current_timestamp()
) ENGINE=InnoDB DEFAULT CHARSET=utf8mb4 COLLATE=utf8mb4_general_ci;

--
-- Volcado de datos para la tabla `alumnos`
--

INSERT INTO `alumnos` (`id_alumno`, `catalogo`, `grado`, `nombres`, `apellidos`, `edad`, `peso`, `estatura`, `fecha_nac`, `telefono`, `id_genero`, `direccion`, `estado`, `fecha_registro`) VALUES
(1, 'djdfjdjdj', 'djdfjdjdfjd', 'fjfdjdjdjdj', 'dfjdfjdfjdfj', 35, 150, 169, '1996-12-15', '879779-45', 1, 'djdjdf ddfjdfj', 1, '2024-11-26 00:15:58'),
(2, 'jljkl4645654', 'fdhhdhdfd dhfdhd', 'fdh dfhddfh ', 'dhdh dhdhdfhdfhd', 12, 155, 172, '1994-10-10', '78454-88', 2, 'dfhd dfhdfhd dhdf dhf', 1, '2024-11-26 00:28:13'),
(3, '787887sdgsdgs', 'lllasdyiasyas sdgsgs', 'sdgsdgs gg', 'sdvsd sgdvds', 17, 130, 156, '1998-02-01', '894646', 1, 'dvsd sdgsgs  sdgsg', 1, '2024-11-26 00:34:25'),
(4, 'hg54fg5f6kfg', 'gkfgkh kkkfgf', 'sj  jfd j s jdfj', 'd fdj dss ', 38, 190, 182, '1994-11-08', '9797-5454', 2, 'd fds  dfdjdfjd ', 1, '2024-11-26 00:48:49');

-- --------------------------------------------------------

--
-- Estructura de tabla para la tabla `calificaciones`
--

CREATE TABLE `calificaciones` (
  `id_calificacion` int(11) NOT NULL,
  `id_alumno` int(11) NOT NULL,
  `nota_calificacion` int(11) NOT NULL,
  `id_examen` int(11) NOT NULL,
  `fecha_registro` datetime NOT NULL DEFAULT current_timestamp()
) ENGINE=InnoDB DEFAULT CHARSET=utf8 COLLATE=utf8_spanish2_ci;

-- --------------------------------------------------------

--
-- Estructura de tabla para la tabla `carrera`
--

CREATE TABLE `carrera` (
  `id_carrera` int(11) NOT NULL,
  `id_genero` int(11) NOT NULL,
  `edad` int(11) NOT NULL,
  `tiempo` time NOT NULL,
  `porcentaje` int(11) NOT NULL
) ENGINE=InnoDB DEFAULT CHARSET=utf8 COLLATE=utf8_spanish2_ci;

--
-- Volcado de datos para la tabla `carrera`
--

INSERT INTO `carrera` (`id_carrera`, `id_genero`, `edad`, `tiempo`, `porcentaje`) VALUES
(1, 1, 12, '09:00:00', 100),
(2, 1, 12, '09:06:00', 99),
(3, 1, 12, '09:12:00', 98),
(4, 1, 12, '09:18:00', 97),
(5, 1, 12, '09:24:00', 96),
(6, 1, 12, '09:30:00', 95),
(7, 1, 12, '09:36:00', 94),
(8, 1, 12, '09:42:00', 93),
(9, 1, 12, '09:48:00', 92),
(10, 1, 12, '09:54:00', 91),
(11, 1, 12, '10:00:00', 90),
(12, 1, 12, '10:06:00', 89),
(13, 1, 12, '10:12:00', 87),
(14, 1, 12, '10:18:00', 85),
(15, 1, 12, '10:24:00', 83),
(16, 1, 12, '10:30:00', 81),
(17, 1, 12, '10:36:00', 79),
(18, 1, 12, '10:42:00', 77),
(19, 1, 12, '10:48:00', 75),
(20, 1, 12, '10:54:00', 74),
(21, 1, 12, '11:00:00', 72),
(22, 1, 12, '11:06:00', 70),
(23, 1, 12, '11:12:00', 68),
(24, 1, 12, '11:18:00', 66),
(25, 1, 12, '11:24:00', 64),
(26, 1, 12, '11:30:00', 62),
(27, 1, 12, '11:36:00', 60),
(28, 1, 12, '11:42:00', 58),
(29, 1, 12, '11:48:00', 57),
(30, 1, 12, '11:54:00', 56),
(31, 1, 12, '12:00:00', 55),
(32, 1, 12, '12:06:00', 54),
(33, 1, 12, '12:12:00', 53),
(34, 1, 12, '12:18:00', 52),
(35, 1, 12, '12:24:00', 51),
(36, 1, 12, '12:30:00', 50),
(37, 1, 12, '12:36:00', 49),
(38, 1, 12, '12:42:00', 47),
(39, 1, 12, '12:48:00', 45),
(40, 1, 12, '12:54:00', 43),
(41, 1, 12, '13:00:00', 41),
(42, 1, 12, '13:06:00', 39),
(43, 1, 12, '13:12:00', 37),
(44, 1, 12, '13:18:00', 35),
(45, 1, 12, '13:24:00', 33),
(46, 1, 12, '13:30:00', 31),
(47, 1, 12, '13:36:00', 29),
(48, 1, 12, '13:42:00', 27),
(49, 1, 13, '08:30:00', 100),
(50, 1, 13, '08:36:00', 99),
(51, 1, 13, '08:42:00', 98),
(52, 1, 13, '08:48:00', 97),
(53, 1, 13, '08:54:00', 96),
(54, 1, 13, '09:00:00', 95),
(55, 1, 13, '09:06:00', 94),
(56, 1, 13, '09:12:00', 93),
(57, 1, 13, '09:18:00', 92),
(58, 1, 13, '09:24:00', 90),
(59, 1, 13, '09:30:00', 88),
(60, 1, 13, '09:36:00', 86),
(61, 1, 13, '09:42:00', 84),
(62, 1, 13, '09:48:00', 82),
(63, 1, 13, '09:54:00', 80),
(64, 1, 13, '10:00:00', 78),
(65, 1, 13, '10:06:00', 76),
(66, 1, 13, '10:12:00', 74),
(67, 1, 13, '10:18:00', 72),
(68, 1, 13, '10:24:00', 70),
(69, 1, 13, '10:30:00', 68),
(70, 1, 13, '10:36:00', 66),
(71, 1, 13, '10:42:00', 64),
(72, 1, 13, '10:48:00', 62),
(73, 1, 13, '10:54:00', 60),
(74, 1, 13, '11:00:00', 58),
(75, 1, 13, '11:06:00', 56),
(76, 1, 13, '11:12:00', 54),
(77, 1, 13, '11:18:00', 53),
(78, 1, 13, '11:24:00', 52),
(79, 1, 13, '11:30:00', 51),
(80, 1, 13, '11:36:00', 50),
(81, 1, 13, '11:42:00', 49),
(82, 1, 13, '11:48:00', 48),
(83, 1, 13, '11:54:00', 47),
(84, 1, 13, '12:00:00', 46),
(85, 1, 13, '12:06:00', 45),
(86, 1, 13, '12:12:00', 44),
(87, 1, 13, '12:18:00', 43),
(88, 1, 13, '12:24:00', 42),
(89, 1, 13, '12:30:00', 41),
(90, 1, 13, '12:36:00', 40),
(91, 1, 13, '12:42:00', 38),
(92, 1, 13, '12:48:00', 36),
(93, 1, 13, '12:54:00', 34),
(94, 1, 13, '13:00:00', 32),
(95, 1, 13, '13:06:00', 30),
(96, 1, 13, '13:12:00', 28),
(97, 1, 13, '13:18:00', 26),
(98, 1, 13, '13:24:00', 24),
(99, 1, 13, '13:30:00', 22),
(100, 1, 13, '13:36:00', 20),
(101, 1, 13, '13:42:00', 18),
(102, 1, 14, '08:00:00', 100),
(103, 1, 14, '08:06:00', 99),
(104, 1, 14, '08:12:00', 98),
(105, 1, 14, '08:18:00', 97),
(106, 1, 14, '08:24:00', 96),
(107, 1, 14, '08:30:00', 95),
(108, 1, 14, '08:36:00', 94),
(109, 1, 14, '08:42:00', 92),
(110, 1, 14, '08:48:00', 90),
(111, 1, 14, '08:54:00', 88),
(112, 1, 14, '09:00:00', 86),
(113, 1, 14, '09:06:00', 84),
(114, 1, 14, '09:12:00', 82),
(115, 1, 14, '09:18:00', 80),
(116, 1, 14, '09:24:00', 78),
(117, 1, 14, '09:30:00', 76),
(118, 1, 14, '09:36:00', 74),
(119, 1, 14, '09:42:00', 72),
(120, 1, 14, '09:48:00', 70),
(121, 1, 14, '09:54:00', 68),
(122, 1, 14, '10:00:00', 66),
(123, 1, 14, '10:06:00', 64),
(124, 1, 14, '10:12:00', 62),
(125, 1, 14, '10:18:00', 60),
(126, 1, 14, '10:24:00', 58),
(127, 1, 14, '10:30:00', 56),
(128, 1, 14, '10:36:00', 54),
(129, 1, 14, '10:42:00', 52),
(130, 1, 14, '10:48:00', 51),
(131, 1, 14, '10:54:00', 50),
(132, 1, 14, '11:00:00', 49),
(133, 1, 14, '11:06:00', 48),
(134, 1, 14, '11:12:00', 47),
(135, 1, 14, '11:18:00', 46),
(136, 1, 14, '11:24:00', 45),
(137, 1, 14, '11:30:00', 44),
(138, 1, 14, '11:36:00', 43),
(139, 1, 14, '11:42:00', 42),
(140, 1, 14, '11:48:00', 41),
(141, 1, 14, '11:54:00', 40),
(142, 1, 14, '12:00:00', 39),
(143, 1, 14, '12:06:00', 38),
(144, 1, 14, '12:12:00', 37),
(145, 1, 14, '12:18:00', 36),
(146, 1, 14, '12:24:00', 35),
(147, 1, 14, '12:30:00', 34),
(148, 1, 14, '12:36:00', 33),
(149, 1, 14, '12:42:00', 31),
(150, 1, 14, '12:48:00', 29),
(151, 1, 14, '12:54:00', 27),
(152, 1, 14, '13:00:00', 25),
(153, 1, 14, '13:06:00', 23),
(154, 1, 14, '13:12:00', 21),
(155, 1, 14, '13:18:00', 19),
(156, 1, 14, '13:24:00', 17),
(157, 1, 14, '13:30:00', 15),
(158, 1, 14, '13:36:00', 13),
(159, 1, 14, '13:42:00', 11),
(160, 1, 15, '07:30:00', 100),
(161, 1, 15, '07:36:00', 99),
(162, 1, 15, '07:42:00', 98),
(163, 1, 15, '07:48:00', 97),
(164, 1, 15, '07:54:00', 96),
(165, 1, 15, '08:00:00', 95),
(166, 1, 15, '08:06:00', 94),
(167, 1, 15, '08:12:00', 92),
(168, 1, 15, '08:18:00', 90),
(169, 1, 15, '08:24:00', 88),
(170, 1, 15, '08:30:00', 86),
(171, 1, 15, '08:36:00', 84),
(172, 1, 15, '08:42:00', 82),
(173, 1, 15, '08:48:00', 80),
(174, 1, 15, '08:54:00', 78),
(175, 1, 15, '09:00:00', 76),
(176, 1, 15, '09:06:00', 74),
(177, 1, 15, '09:12:00', 72),
(178, 1, 15, '09:18:00', 70),
(179, 1, 15, '09:24:00', 68),
(180, 1, 15, '09:30:00', 66),
(181, 1, 15, '09:36:00', 64),
(182, 1, 15, '09:42:00', 62),
(183, 1, 15, '09:48:00', 60),
(184, 1, 15, '09:54:00', 58),
(185, 1, 15, '10:00:00', 56),
(186, 1, 15, '10:06:00', 54),
(187, 1, 15, '10:12:00', 52),
(188, 1, 15, '10:18:00', 51),
(189, 1, 15, '10:24:00', 50),
(190, 1, 15, '10:30:00', 49),
(191, 1, 15, '10:36:00', 48),
(192, 1, 15, '10:42:00', 47),
(193, 1, 15, '10:48:00', 46),
(194, 1, 15, '10:54:00', 45),
(195, 1, 15, '11:00:00', 44),
(196, 1, 15, '11:06:00', 43),
(197, 1, 15, '11:12:00', 42),
(198, 1, 15, '11:18:00', 41),
(199, 1, 15, '11:24:00', 40),
(200, 1, 15, '11:30:00', 39),
(201, 1, 15, '11:36:00', 38),
(202, 1, 15, '11:42:00', 37),
(203, 1, 15, '11:48:00', 36),
(204, 1, 15, '11:54:00', 35),
(205, 1, 15, '12:00:00', 34),
(206, 1, 15, '12:06:00', 33),
(207, 1, 15, '12:12:00', 32),
(208, 1, 15, '12:18:00', 31),
(209, 1, 15, '12:24:00', 30),
(210, 1, 15, '12:30:00', 29),
(211, 1, 15, '12:36:00', 28),
(212, 1, 15, '12:42:00', 26),
(213, 1, 15, '12:48:00', 24),
(214, 1, 15, '12:54:00', 22),
(215, 1, 15, '13:00:00', 20),
(216, 1, 15, '13:06:00', 18),
(217, 1, 15, '13:12:00', 16),
(218, 1, 15, '13:18:00', 14),
(219, 1, 15, '13:24:00', 12),
(220, 1, 15, '13:30:00', 10),
(221, 1, 15, '13:36:00', 8),
(222, 1, 15, '13:42:00', 6),
(223, 1, 16, '07:00:00', 100),
(224, 1, 16, '07:06:00', 99),
(225, 1, 16, '07:12:00', 97),
(226, 1, 16, '07:18:00', 96),
(227, 1, 16, '07:24:00', 94),
(228, 1, 16, '07:30:00', 93),
(229, 1, 16, '07:36:00', 92),
(230, 1, 16, '07:42:00', 91),
(231, 1, 16, '07:48:00', 90),
(232, 1, 16, '07:54:00', 88),
(233, 1, 16, '08:00:00', 86),
(234, 1, 16, '08:06:00', 84),
(235, 1, 16, '08:12:00', 82),
(236, 1, 16, '08:18:00', 80),
(237, 1, 16, '08:24:00', 78),
(238, 1, 16, '08:30:00', 76),
(239, 1, 16, '08:36:00', 74),
(240, 1, 16, '08:42:00', 72),
(241, 1, 16, '08:48:00', 70),
(242, 1, 16, '08:54:00', 68),
(243, 1, 16, '09:00:00', 66),
(244, 1, 16, '09:06:00', 64),
(245, 1, 16, '09:12:00', 62),
(246, 1, 16, '09:18:00', 60),
(247, 1, 16, '09:24:00', 58),
(248, 1, 16, '09:30:00', 57),
(249, 1, 16, '09:36:00', 55),
(250, 1, 16, '09:42:00', 54),
(251, 1, 16, '09:48:00', 53),
(252, 1, 16, '09:54:00', 52),
(253, 1, 16, '10:00:00', 51),
(254, 1, 16, '10:06:00', 50),
(255, 1, 16, '10:12:00', 49),
(256, 1, 16, '10:18:00', 48),
(257, 1, 16, '10:24:00', 47),
(258, 1, 16, '10:30:00', 46),
(259, 1, 16, '10:36:00', 45),
(260, 1, 16, '10:42:00', 44),
(261, 1, 16, '10:48:00', 43),
(262, 1, 16, '10:54:00', 42),
(263, 1, 16, '11:00:00', 41),
(264, 1, 16, '11:06:00', 40),
(265, 1, 16, '11:12:00', 39),
(266, 1, 16, '11:18:00', 38),
(267, 1, 16, '11:24:00', 37),
(268, 1, 16, '11:30:00', 36),
(269, 1, 16, '11:36:00', 35),
(270, 1, 16, '11:42:00', 34),
(271, 1, 16, '11:48:00', 33),
(272, 1, 16, '11:54:00', 32),
(273, 1, 16, '12:00:00', 31),
(274, 1, 16, '12:06:00', 30),
(275, 1, 16, '12:12:00', 29),
(276, 1, 16, '12:18:00', 28),
(277, 1, 16, '12:24:00', 27),
(278, 1, 16, '12:30:00', 26),
(279, 1, 16, '12:36:00', 25),
(280, 1, 16, '12:42:00', 23),
(281, 1, 16, '12:48:00', 21),
(282, 1, 16, '12:54:00', 19),
(283, 1, 16, '13:00:00', 17),
(284, 1, 16, '13:06:00', 15),
(285, 1, 16, '13:12:00', 13),
(286, 1, 16, '13:18:00', 11),
(287, 1, 16, '13:24:00', 9),
(288, 1, 16, '13:30:00', 7),
(289, 1, 16, '13:36:00', 5),
(290, 1, 16, '13:42:00', 3),
(291, 1, 17, '06:30:00', 100),
(292, 1, 17, '06:36:00', 99),
(293, 1, 17, '06:42:00', 97),
(294, 1, 17, '06:48:00', 96),
(295, 1, 17, '06:54:00', 94),
(296, 1, 17, '07:00:00', 93),
(297, 1, 17, '07:06:00', 91),
(298, 1, 17, '07:12:00', 90),
(299, 1, 17, '07:18:00', 88),
(300, 1, 17, '07:24:00', 86),
(301, 1, 17, '07:30:00', 84),
(302, 1, 17, '07:36:00', 82),
(303, 1, 17, '07:42:00', 80),
(304, 1, 17, '07:48:00', 78),
(305, 1, 17, '07:54:00', 77),
(306, 1, 17, '08:00:00', 76),
(307, 1, 17, '08:06:00', 74),
(308, 1, 17, '08:12:00', 72),
(309, 1, 17, '08:18:00', 70),
(310, 1, 17, '08:24:00', 69),
(311, 1, 17, '08:30:00', 67),
(312, 1, 17, '08:36:00', 65),
(313, 1, 17, '08:42:00', 63),
(314, 1, 17, '08:48:00', 61),
(315, 1, 17, '08:54:00', 60),
(316, 1, 17, '09:00:00', 59),
(317, 1, 17, '09:06:00', 58),
(318, 1, 17, '09:12:00', 57),
(319, 1, 17, '09:18:00', 56),
(320, 1, 17, '09:24:00', 55),
(321, 1, 17, '09:30:00', 54),
(322, 1, 17, '09:36:00', 53),
(323, 1, 17, '09:42:00', 52),
(324, 1, 17, '09:48:00', 51),
(325, 1, 17, '09:54:00', 50),
(326, 1, 17, '10:00:00', 49),
(327, 1, 17, '10:06:00', 48),
(328, 1, 17, '10:12:00', 47),
(329, 1, 17, '10:18:00', 46),
(330, 1, 17, '10:24:00', 45),
(331, 1, 17, '10:30:00', 44),
(332, 1, 17, '10:36:00', 43),
(333, 1, 17, '10:42:00', 42),
(334, 1, 17, '10:48:00', 41),
(335, 1, 17, '10:54:00', 40),
(336, 1, 17, '11:00:00', 39),
(337, 1, 17, '11:06:00', 38),
(338, 1, 17, '11:12:00', 37),
(339, 1, 17, '11:18:00', 36),
(340, 1, 17, '11:24:00', 35),
(341, 1, 17, '11:30:00', 34),
(342, 1, 17, '11:36:00', 33),
(343, 1, 17, '11:42:00', 32),
(344, 1, 17, '11:48:00', 31),
(345, 1, 17, '11:54:00', 30),
(346, 1, 17, '12:00:00', 29),
(347, 1, 17, '12:06:00', 28),
(348, 1, 17, '12:12:00', 27),
(349, 1, 17, '12:18:00', 26),
(350, 1, 17, '12:24:00', 25),
(351, 1, 17, '12:30:00', 24),
(352, 1, 17, '12:36:00', 23),
(353, 1, 17, '12:42:00', 21),
(354, 1, 17, '12:48:00', 19),
(355, 1, 17, '12:54:00', 17),
(356, 1, 17, '13:00:00', 15),
(357, 1, 17, '13:06:00', 13),
(358, 1, 17, '13:12:00', 11),
(359, 1, 17, '13:18:00', 9),
(360, 1, 17, '13:24:00', 7),
(361, 1, 17, '13:30:00', 5),
(362, 1, 17, '13:36:00', 3),
(363, 1, 17, '13:42:00', 1),
(364, 2, 12, '10:00:00', 100),
(365, 2, 12, '10:06:00', 99),
(366, 2, 12, '10:12:00', 98),
(367, 2, 12, '10:18:00', 97),
(368, 2, 12, '10:24:00', 96),
(369, 2, 12, '10:30:00', 95),
(370, 2, 12, '10:36:00', 94),
(371, 2, 12, '10:42:00', 93),
(372, 2, 12, '10:48:00', 92),
(373, 2, 12, '10:54:00', 91),
(374, 2, 12, '11:00:00', 90),
(375, 2, 12, '11:06:00', 89),
(376, 2, 12, '11:12:00', 87),
(377, 2, 12, '11:18:00', 85),
(378, 2, 12, '11:24:00', 83),
(379, 2, 12, '11:30:00', 81),
(380, 2, 12, '11:36:00', 79),
(381, 2, 12, '11:42:00', 77),
(382, 2, 12, '11:48:00', 75),
(383, 2, 12, '11:54:00', 74),
(384, 2, 12, '12:00:00', 72),
(385, 2, 12, '12:06:00', 70),
(386, 2, 12, '12:12:00', 68),
(387, 2, 12, '12:18:00', 66),
(388, 2, 12, '12:24:00', 64),
(389, 2, 12, '12:30:00', 62),
(390, 2, 12, '12:36:00', 60),
(391, 2, 12, '12:42:00', 58),
(392, 2, 12, '12:48:00', 57),
(393, 2, 12, '12:54:00', 56),
(394, 2, 12, '13:00:00', 55),
(395, 2, 12, '13:06:00', 54),
(396, 2, 12, '13:12:00', 53),
(397, 2, 12, '13:18:00', 52),
(398, 2, 12, '13:24:00', 51),
(399, 2, 12, '13:30:00', 50),
(400, 2, 12, '13:36:00', 49),
(401, 2, 12, '13:42:00', 48),
(402, 2, 12, '13:48:00', 46),
(403, 2, 12, '13:54:00', 44),
(404, 2, 12, '14:00:00', 42),
(405, 2, 12, '14:06:00', 40),
(406, 2, 12, '14:12:00', 38),
(407, 2, 12, '14:18:00', 36),
(408, 2, 12, '14:24:00', 34),
(409, 2, 12, '14:30:00', 32),
(410, 2, 12, '14:36:00', 30),
(411, 2, 12, '14:42:00', 28),
(412, 2, 13, '09:30:00', 100),
(413, 2, 13, '09:36:00', 99),
(414, 2, 13, '09:42:00', 98),
(415, 2, 13, '09:48:00', 97),
(416, 2, 13, '09:54:00', 96),
(417, 2, 13, '10:00:00', 95),
(418, 2, 13, '10:06:00', 94),
(419, 2, 13, '10:12:00', 93),
(420, 2, 13, '10:18:00', 92),
(421, 2, 13, '10:24:00', 90),
(422, 2, 13, '10:30:00', 88),
(423, 2, 13, '10:36:00', 86),
(424, 2, 13, '10:42:00', 84),
(425, 2, 13, '10:48:00', 82),
(426, 2, 13, '10:54:00', 80),
(427, 2, 13, '11:00:00', 78),
(428, 2, 13, '11:06:00', 76),
(429, 2, 13, '11:12:00', 74),
(430, 2, 13, '11:18:00', 72),
(431, 2, 13, '11:24:00', 70),
(432, 2, 13, '11:30:00', 68),
(433, 2, 13, '11:36:00', 66),
(434, 2, 13, '11:42:00', 64),
(435, 2, 13, '11:48:00', 62),
(436, 2, 13, '11:54:00', 60),
(437, 2, 13, '12:00:00', 58),
(438, 2, 13, '12:06:00', 56),
(439, 2, 13, '12:12:00', 54),
(440, 2, 13, '12:18:00', 53),
(441, 2, 13, '12:24:00', 52),
(442, 2, 13, '12:30:00', 51),
(443, 2, 13, '12:36:00', 50),
(444, 2, 13, '12:42:00', 49),
(445, 2, 13, '12:48:00', 48),
(446, 2, 13, '12:54:00', 47),
(447, 2, 13, '13:00:00', 46),
(448, 2, 13, '13:06:00', 45),
(449, 2, 13, '13:12:00', 44),
(450, 2, 13, '13:18:00', 43),
(451, 2, 13, '13:24:00', 42),
(452, 2, 13, '13:30:00', 41),
(453, 2, 13, '13:36:00', 40),
(454, 2, 13, '13:42:00', 39),
(455, 2, 13, '13:48:00', 37),
(456, 2, 13, '13:54:00', 35),
(457, 2, 13, '14:00:00', 33),
(458, 2, 13, '14:06:00', 31),
(459, 2, 13, '14:12:00', 29),
(460, 2, 13, '14:18:00', 27),
(461, 2, 13, '14:24:00', 25),
(462, 2, 13, '14:30:00', 23),
(463, 2, 13, '14:36:00', 21),
(464, 2, 13, '14:42:00', 19),
(465, 2, 14, '09:00:00', 100),
(466, 2, 14, '09:06:00', 99),
(467, 2, 14, '09:12:00', 98),
(468, 2, 14, '09:18:00', 97),
(469, 2, 14, '09:24:00', 96),
(470, 2, 14, '09:30:00', 95),
(471, 2, 14, '09:36:00', 94),
(472, 2, 14, '09:42:00', 92),
(473, 2, 14, '09:48:00', 90),
(474, 2, 14, '09:54:00', 88),
(475, 2, 14, '10:00:00', 86),
(476, 2, 14, '10:06:00', 84),
(477, 2, 14, '10:12:00', 82),
(478, 2, 14, '10:18:00', 80),
(479, 2, 14, '10:24:00', 78),
(480, 2, 14, '10:30:00', 76),
(481, 2, 14, '10:36:00', 74),
(482, 2, 14, '10:42:00', 72),
(483, 2, 14, '10:48:00', 70),
(484, 2, 14, '10:54:00', 68),
(485, 2, 14, '11:00:00', 66),
(486, 2, 14, '11:06:00', 64),
(487, 2, 14, '11:12:00', 62),
(488, 2, 14, '11:18:00', 60),
(489, 2, 14, '11:24:00', 58),
(490, 2, 14, '11:30:00', 56),
(491, 2, 14, '11:36:00', 54),
(492, 2, 14, '11:42:00', 52),
(493, 2, 14, '11:48:00', 51),
(494, 2, 14, '11:54:00', 50),
(495, 2, 14, '12:00:00', 49),
(496, 2, 14, '12:06:00', 48),
(497, 2, 14, '12:12:00', 47),
(498, 2, 14, '12:18:00', 46),
(499, 2, 14, '12:24:00', 45),
(500, 2, 14, '12:30:00', 44),
(501, 2, 14, '12:36:00', 43),
(502, 2, 14, '12:42:00', 42),
(503, 2, 14, '12:48:00', 41),
(504, 2, 14, '12:54:00', 40),
(505, 2, 14, '13:00:00', 39),
(506, 2, 14, '13:06:00', 38),
(507, 2, 14, '13:12:00', 37),
(508, 2, 14, '13:18:00', 36),
(509, 2, 14, '13:24:00', 35),
(510, 2, 14, '13:30:00', 34),
(511, 2, 14, '13:36:00', 33),
(512, 2, 14, '13:42:00', 32),
(513, 2, 14, '13:48:00', 30),
(514, 2, 14, '13:54:00', 28),
(515, 2, 14, '14:00:00', 26),
(516, 2, 14, '14:06:00', 24),
(517, 2, 14, '14:12:00', 22),
(518, 2, 14, '14:18:00', 20),
(519, 2, 14, '14:24:00', 18),
(520, 2, 14, '14:30:00', 16),
(521, 2, 14, '14:36:00', 14),
(522, 2, 14, '14:42:00', 12),
(523, 2, 15, '08:30:00', 100),
(524, 2, 15, '08:36:00', 99),
(525, 2, 15, '08:42:00', 98),
(526, 2, 15, '08:48:00', 97),
(527, 2, 15, '08:54:00', 96),
(528, 2, 15, '09:00:00', 95),
(529, 2, 15, '09:06:00', 94),
(530, 2, 15, '09:12:00', 92),
(531, 2, 15, '09:18:00', 90),
(532, 2, 15, '09:24:00', 88),
(533, 2, 15, '09:30:00', 86),
(534, 2, 15, '09:36:00', 84),
(535, 2, 15, '09:42:00', 82),
(536, 2, 15, '09:48:00', 80),
(537, 2, 15, '09:54:00', 78),
(538, 2, 15, '10:00:00', 76),
(539, 2, 15, '10:06:00', 74),
(540, 2, 15, '10:12:00', 72),
(541, 2, 15, '10:18:00', 70),
(542, 2, 15, '10:24:00', 68),
(543, 2, 15, '10:30:00', 66),
(544, 2, 15, '10:36:00', 64),
(545, 2, 15, '10:42:00', 62),
(546, 2, 15, '10:48:00', 60),
(547, 2, 15, '10:54:00', 58),
(548, 2, 15, '11:00:00', 56),
(549, 2, 15, '11:06:00', 54),
(550, 2, 15, '11:12:00', 52),
(551, 2, 15, '11:18:00', 51),
(552, 2, 15, '11:24:00', 50),
(553, 2, 15, '11:30:00', 49),
(554, 2, 15, '11:36:00', 48),
(555, 2, 15, '11:42:00', 47),
(556, 2, 15, '11:48:00', 46),
(557, 2, 15, '11:54:00', 45),
(558, 2, 15, '12:00:00', 44),
(559, 2, 15, '12:06:00', 43),
(560, 2, 15, '12:12:00', 42),
(561, 2, 15, '12:18:00', 41),
(562, 2, 15, '12:24:00', 40),
(563, 2, 15, '12:30:00', 39),
(564, 2, 15, '12:36:00', 38),
(565, 2, 15, '12:42:00', 37),
(566, 2, 15, '12:48:00', 36),
(567, 2, 15, '12:54:00', 35),
(568, 2, 15, '13:00:00', 34),
(569, 2, 15, '13:06:00', 33),
(570, 2, 15, '13:12:00', 32),
(571, 2, 15, '13:18:00', 31),
(572, 2, 15, '13:24:00', 30),
(573, 2, 15, '13:30:00', 29),
(574, 2, 15, '13:36:00', 28),
(575, 2, 15, '13:42:00', 27),
(576, 2, 15, '13:48:00', 25),
(577, 2, 15, '13:54:00', 23),
(578, 2, 15, '14:00:00', 21),
(579, 2, 15, '14:06:00', 19),
(580, 2, 15, '14:12:00', 17),
(581, 2, 15, '14:18:00', 15),
(582, 2, 15, '14:24:00', 13),
(583, 2, 15, '14:30:00', 11),
(584, 2, 15, '14:36:00', 9),
(585, 2, 15, '14:42:00', 7),
(586, 2, 16, '08:00:00', 100),
(587, 2, 16, '08:06:00', 99),
(588, 2, 16, '08:12:00', 97),
(589, 2, 16, '08:18:00', 96),
(590, 2, 16, '08:24:00', 94),
(591, 2, 16, '08:30:00', 93),
(592, 2, 16, '08:36:00', 92),
(593, 2, 16, '08:42:00', 91),
(594, 2, 16, '08:48:00', 90),
(595, 2, 16, '08:54:00', 88),
(596, 2, 16, '09:00:00', 86),
(597, 2, 16, '09:06:00', 84),
(598, 2, 16, '09:12:00', 82),
(599, 2, 16, '09:18:00', 80),
(600, 2, 16, '09:24:00', 78),
(601, 2, 16, '09:30:00', 76),
(602, 2, 16, '09:36:00', 74),
(603, 2, 16, '09:42:00', 72),
(604, 2, 16, '09:48:00', 70),
(605, 2, 16, '09:54:00', 68),
(606, 2, 16, '10:00:00', 66),
(607, 2, 16, '10:06:00', 64),
(608, 2, 16, '10:12:00', 62),
(609, 2, 16, '10:18:00', 60),
(610, 2, 16, '10:24:00', 58),
(611, 2, 16, '10:30:00', 57),
(612, 2, 16, '10:36:00', 55),
(613, 2, 16, '10:42:00', 54),
(614, 2, 16, '10:48:00', 53),
(615, 2, 16, '10:54:00', 52),
(616, 2, 16, '11:00:00', 51),
(617, 2, 16, '11:06:00', 50),
(618, 2, 16, '11:12:00', 49),
(619, 2, 16, '11:18:00', 48),
(620, 2, 16, '11:24:00', 47),
(621, 2, 16, '11:30:00', 46),
(622, 2, 16, '11:36:00', 45),
(623, 2, 16, '11:42:00', 44),
(624, 2, 16, '11:48:00', 43),
(625, 2, 16, '11:54:00', 42),
(626, 2, 16, '12:00:00', 41),
(627, 2, 16, '12:06:00', 40),
(628, 2, 16, '12:12:00', 39),
(629, 2, 16, '12:18:00', 38),
(630, 2, 16, '12:24:00', 37),
(631, 2, 16, '12:30:00', 36),
(632, 2, 16, '12:36:00', 35),
(633, 2, 16, '12:42:00', 34),
(634, 2, 16, '12:48:00', 33),
(635, 2, 16, '12:54:00', 32),
(636, 2, 16, '13:00:00', 31),
(637, 2, 16, '13:06:00', 30),
(638, 2, 16, '13:12:00', 29),
(639, 2, 16, '13:18:00', 28),
(640, 2, 16, '13:24:00', 27),
(641, 2, 16, '13:30:00', 26),
(642, 2, 16, '13:36:00', 25),
(643, 2, 16, '13:42:00', 24),
(644, 2, 16, '13:48:00', 22),
(645, 2, 16, '13:54:00', 20),
(646, 2, 16, '14:00:00', 18),
(647, 2, 16, '14:06:00', 16),
(648, 2, 16, '14:12:00', 14),
(649, 2, 16, '14:18:00', 12),
(650, 2, 16, '14:24:00', 10),
(651, 2, 16, '14:30:00', 8),
(652, 2, 16, '14:36:00', 6),
(653, 2, 16, '14:42:00', 4),
(654, 2, 17, '07:30:00', 100),
(655, 2, 17, '07:36:00', 99),
(656, 2, 17, '07:42:00', 97),
(657, 2, 17, '07:48:00', 96),
(658, 2, 17, '07:54:00', 94),
(659, 2, 17, '08:00:00', 93),
(660, 2, 17, '08:06:00', 91),
(661, 2, 17, '08:12:00', 90),
(662, 2, 17, '08:18:00', 88),
(663, 2, 17, '08:24:00', 86),
(664, 2, 17, '08:30:00', 84),
(665, 2, 17, '08:36:00', 82),
(666, 2, 17, '08:42:00', 80),
(667, 2, 17, '08:48:00', 78),
(668, 2, 17, '08:54:00', 77),
(669, 2, 17, '09:00:00', 76),
(670, 2, 17, '09:06:00', 74),
(671, 2, 17, '09:12:00', 72),
(672, 2, 17, '09:18:00', 70),
(673, 2, 17, '09:24:00', 69),
(674, 2, 17, '09:30:00', 67),
(675, 2, 17, '09:36:00', 65),
(676, 2, 17, '09:42:00', 63),
(677, 2, 17, '09:48:00', 61),
(678, 2, 17, '09:54:00', 60),
(679, 2, 17, '10:00:00', 59),
(680, 2, 17, '10:06:00', 58),
(681, 2, 17, '10:12:00', 57),
(682, 2, 17, '10:18:00', 56),
(683, 2, 17, '10:24:00', 55),
(684, 2, 17, '10:30:00', 54),
(685, 2, 17, '10:36:00', 53),
(686, 2, 17, '10:42:00', 52),
(687, 2, 17, '10:48:00', 51),
(688, 2, 17, '10:54:00', 50),
(689, 2, 17, '11:00:00', 49),
(690, 2, 17, '11:06:00', 48),
(691, 2, 17, '11:12:00', 47),
(692, 2, 17, '11:18:00', 46),
(693, 2, 17, '11:24:00', 45),
(694, 2, 17, '11:30:00', 44),
(695, 2, 17, '11:36:00', 43),
(696, 2, 17, '11:42:00', 42),
(697, 2, 17, '11:48:00', 41),
(698, 2, 17, '11:54:00', 40),
(699, 2, 17, '12:00:00', 39),
(700, 2, 17, '12:06:00', 38),
(701, 2, 17, '12:12:00', 37),
(702, 2, 17, '12:18:00', 36),
(703, 2, 17, '12:24:00', 35),
(704, 2, 17, '12:30:00', 34),
(705, 2, 17, '12:36:00', 33),
(706, 2, 17, '12:42:00', 32),
(707, 2, 17, '12:48:00', 31),
(708, 2, 17, '12:54:00', 30),
(709, 2, 17, '13:00:00', 29),
(710, 2, 17, '13:06:00', 28),
(711, 2, 17, '13:12:00', 27),
(712, 2, 17, '13:18:00', 26),
(713, 2, 17, '13:24:00', 25),
(714, 2, 17, '13:30:00', 24),
(715, 2, 17, '13:36:00', 23),
(716, 2, 17, '13:42:00', 22),
(717, 2, 17, '13:48:00', 20),
(718, 2, 17, '13:54:00', 18),
(719, 2, 17, '14:00:00', 16),
(720, 2, 17, '14:06:00', 14),
(721, 2, 17, '14:12:00', 12),
(722, 2, 17, '14:18:00', 10),
(723, 2, 17, '14:24:00', 8),
(724, 2, 17, '14:30:00', 6),
(725, 2, 17, '14:36:00', 4),
(726, 2, 12, '14:42:00', 2);

-- --------------------------------------------------------

--
-- Estructura de tabla para la tabla `detalle_calificaciones`
--

CREATE TABLE `detalle_calificaciones` (
  `id_detalle_calificacion` int(11) NOT NULL,
  `id_calificacion` int(11) NOT NULL,
  `id_evento` int(11) NOT NULL,
  `cantidad/tiempo` varchar(10) NOT NULL,
  `puntos_evento` int(11) NOT NULL,
  `fecha_registro` datetime NOT NULL DEFAULT current_timestamp()
) ENGINE=InnoDB DEFAULT CHARSET=utf8 COLLATE=utf8_spanish2_ci;

-- --------------------------------------------------------

--
-- Estructura de tabla para la tabla `dominadas`
--

CREATE TABLE `dominadas` (
  `id_dominada` int(11) NOT NULL,
  `id_genero` int(11) NOT NULL,
  `edad` int(11) NOT NULL,
  `repeticiones` int(11) NOT NULL,
  `porcentaje` int(11) NOT NULL
) ENGINE=InnoDB DEFAULT CHARSET=utf8 COLLATE=utf8_spanish2_ci;

--
-- Volcado de datos para la tabla `dominadas`
--

INSERT INTO `dominadas` (`id_dominada`, `id_genero`, `edad`, `repeticiones`, `porcentaje`) VALUES
(1, 1, 12, 25, 100),
(2, 1, 12, 24, 98),
(3, 1, 12, 23, 96),
(4, 1, 12, 22, 94),
(5, 1, 12, 21, 92),
(6, 1, 12, 20, 90),
(7, 1, 12, 19, 88),
(8, 1, 12, 18, 86),
(9, 1, 12, 17, 84),
(10, 1, 12, 16, 82),
(11, 1, 12, 15, 79),
(12, 1, 12, 14, 76),
(13, 1, 12, 13, 73),
(14, 1, 12, 12, 70),
(15, 1, 12, 11, 67),
(16, 1, 12, 10, 64),
(17, 1, 12, 9, 61),
(18, 1, 12, 8, 58),
(19, 1, 12, 7, 55),
(20, 1, 12, 6, 52),
(21, 1, 12, 5, 49),
(22, 1, 12, 4, 46),
(23, 1, 12, 3, 43),
(24, 1, 12, 2, 40),
(25, 1, 12, 1, 37),
(26, 1, 13, 30, 100),
(27, 1, 13, 29, 99),
(28, 1, 13, 28, 98),
(29, 1, 13, 27, 97),
(30, 1, 13, 26, 96),
(31, 1, 13, 25, 95),
(32, 1, 13, 24, 93),
(33, 1, 13, 23, 91),
(34, 1, 13, 22, 89),
(35, 1, 13, 21, 87),
(36, 1, 13, 20, 85),
(37, 1, 13, 19, 83),
(38, 1, 13, 18, 81),
(39, 1, 13, 17, 79),
(40, 1, 13, 16, 77),
(41, 1, 13, 15, 74),
(42, 1, 13, 14, 71),
(43, 1, 13, 13, 68),
(44, 1, 13, 12, 65),
(45, 1, 13, 11, 62),
(46, 1, 13, 10, 59),
(47, 1, 13, 9, 56),
(48, 1, 13, 8, 53),
(49, 1, 13, 7, 50),
(50, 1, 13, 6, 47),
(51, 1, 13, 5, 44),
(52, 1, 13, 4, 41),
(53, 1, 13, 3, 38),
(54, 1, 13, 2, 35),
(55, 1, 13, 1, 32),
(56, 1, 14, 35, 100),
(57, 1, 14, 34, 99),
(58, 1, 14, 33, 98),
(59, 1, 14, 32, 97),
(60, 1, 14, 31, 96),
(61, 1, 14, 30, 95),
(62, 1, 14, 29, 94),
(63, 1, 14, 28, 93),
(64, 1, 14, 27, 92),
(65, 1, 14, 26, 91),
(66, 1, 14, 25, 90),
(67, 1, 14, 24, 88),
(68, 1, 14, 23, 86),
(69, 1, 14, 22, 84),
(70, 1, 14, 21, 82),
(71, 1, 14, 20, 80),
(72, 1, 14, 19, 78),
(73, 1, 14, 18, 76),
(74, 1, 14, 17, 74),
(75, 1, 14, 16, 72),
(76, 1, 14, 15, 69),
(77, 1, 14, 14, 66),
(78, 1, 14, 13, 63),
(79, 1, 14, 12, 60),
(80, 1, 14, 11, 57),
(81, 1, 14, 10, 54),
(82, 1, 14, 9, 51),
(83, 1, 14, 8, 48),
(84, 1, 14, 7, 45),
(85, 1, 14, 6, 42),
(86, 1, 14, 5, 39),
(87, 1, 14, 4, 36),
(88, 1, 14, 3, 33),
(89, 1, 14, 2, 30),
(90, 1, 14, 1, 27),
(91, 1, 15, 40, 100),
(92, 1, 15, 39, 99),
(93, 1, 15, 38, 98),
(94, 1, 15, 37, 97),
(95, 1, 15, 36, 96),
(96, 1, 15, 35, 95),
(97, 1, 15, 34, 94),
(98, 1, 15, 33, 93),
(99, 1, 15, 32, 92),
(100, 1, 15, 31, 91),
(101, 1, 15, 30, 90),
(102, 1, 15, 29, 89),
(103, 1, 15, 28, 88),
(104, 1, 15, 27, 87),
(105, 1, 15, 26, 86),
(106, 1, 15, 25, 85),
(107, 1, 15, 24, 83),
(108, 1, 15, 23, 81),
(109, 1, 15, 22, 79),
(110, 1, 15, 21, 77),
(111, 1, 15, 20, 75),
(112, 1, 15, 19, 73),
(113, 1, 15, 18, 71),
(114, 1, 15, 17, 69),
(115, 1, 15, 16, 67),
(116, 1, 15, 15, 64),
(117, 1, 15, 14, 61),
(118, 1, 15, 13, 58),
(119, 1, 15, 12, 55),
(120, 1, 15, 11, 52),
(121, 1, 15, 10, 49),
(122, 1, 15, 9, 46),
(123, 1, 15, 8, 43),
(124, 1, 15, 7, 40),
(125, 1, 15, 6, 37),
(126, 1, 15, 5, 34),
(127, 1, 15, 4, 31),
(128, 1, 15, 3, 28),
(129, 1, 15, 2, 25),
(130, 1, 15, 1, 22),
(131, 1, 16, 45, 100),
(132, 1, 16, 44, 99),
(133, 1, 16, 43, 98),
(134, 1, 16, 42, 97),
(135, 1, 16, 41, 96),
(136, 1, 16, 40, 95),
(137, 1, 16, 39, 94),
(138, 1, 16, 38, 93),
(139, 1, 16, 37, 92),
(140, 1, 16, 36, 91),
(141, 1, 16, 35, 90),
(142, 1, 16, 34, 89),
(143, 1, 16, 33, 88),
(144, 1, 16, 32, 87),
(145, 1, 16, 31, 86),
(146, 1, 16, 30, 85),
(147, 1, 16, 29, 84),
(148, 1, 16, 28, 83),
(149, 1, 16, 27, 82),
(150, 1, 16, 26, 80),
(151, 1, 16, 25, 78),
(152, 1, 16, 24, 76),
(153, 1, 16, 23, 74),
(154, 1, 16, 22, 72),
(155, 1, 16, 21, 70),
(156, 1, 16, 20, 68),
(157, 1, 16, 19, 66),
(158, 1, 16, 18, 64),
(159, 1, 16, 17, 62),
(160, 1, 16, 16, 60),
(161, 1, 16, 15, 57),
(162, 1, 16, 14, 54),
(163, 1, 16, 13, 51),
(164, 1, 16, 12, 48),
(165, 1, 16, 11, 45),
(166, 1, 16, 10, 42),
(167, 1, 16, 9, 39),
(168, 1, 16, 8, 36),
(169, 1, 16, 7, 33),
(170, 1, 16, 6, 30),
(171, 1, 16, 5, 27),
(172, 1, 16, 4, 24),
(173, 1, 16, 3, 21),
(174, 1, 16, 2, 18),
(175, 1, 16, 1, 15),
(176, 1, 17, 50, 100),
(177, 1, 17, 49, 99),
(178, 1, 17, 48, 98),
(179, 1, 17, 47, 97),
(180, 1, 17, 46, 96),
(181, 1, 17, 45, 95),
(182, 1, 17, 44, 94),
(183, 1, 17, 43, 93),
(184, 1, 17, 42, 92),
(185, 1, 17, 41, 91),
(186, 1, 17, 40, 90),
(187, 1, 17, 39, 89),
(188, 1, 17, 38, 88),
(189, 1, 17, 37, 87),
(190, 1, 17, 36, 86),
(191, 1, 17, 35, 84),
(192, 1, 17, 34, 82),
(193, 1, 17, 33, 80),
(194, 1, 17, 32, 78),
(195, 1, 17, 31, 76),
(196, 1, 17, 30, 74),
(197, 1, 17, 29, 72),
(198, 1, 17, 28, 70),
(199, 1, 17, 27, 68),
(200, 1, 17, 26, 67),
(201, 1, 17, 25, 66),
(202, 1, 17, 24, 64),
(203, 1, 17, 23, 62),
(204, 1, 17, 22, 60),
(205, 1, 17, 21, 58),
(206, 1, 17, 20, 56),
(207, 1, 17, 19, 54),
(208, 1, 17, 18, 52),
(209, 1, 17, 17, 50),
(210, 1, 17, 16, 48),
(211, 1, 17, 15, 45),
(212, 1, 17, 14, 42),
(213, 1, 17, 13, 39),
(214, 1, 17, 12, 36),
(215, 1, 17, 11, 33),
(216, 1, 17, 10, 30),
(217, 1, 17, 9, 27),
(218, 1, 17, 8, 24),
(219, 1, 17, 7, 21),
(220, 1, 17, 6, 18),
(221, 1, 17, 5, 15),
(222, 1, 17, 4, 12),
(223, 1, 17, 3, 9),
(224, 1, 17, 2, 6),
(225, 1, 17, 1, 3),
(226, 2, 12, 16, 100),
(227, 2, 12, 15, 97),
(228, 2, 12, 14, 93),
(229, 2, 12, 13, 89),
(230, 2, 12, 12, 85),
(231, 2, 12, 11, 81),
(232, 2, 12, 10, 77),
(233, 2, 12, 9, 73),
(234, 2, 12, 8, 69),
(235, 2, 12, 7, 65),
(236, 2, 12, 6, 61),
(237, 2, 12, 5, 57),
(238, 2, 12, 4, 53),
(239, 2, 12, 3, 49),
(240, 2, 12, 2, 45),
(241, 2, 12, 1, 41),
(242, 2, 13, 21, 100),
(243, 2, 13, 20, 99),
(244, 2, 13, 19, 98),
(245, 2, 13, 18, 97),
(246, 2, 13, 17, 96),
(247, 2, 13, 16, 95),
(248, 2, 13, 15, 92),
(249, 2, 13, 14, 88),
(250, 2, 13, 13, 84),
(251, 2, 13, 12, 80),
(252, 2, 13, 11, 76),
(253, 2, 13, 10, 72),
(254, 2, 13, 9, 68),
(255, 2, 13, 8, 64),
(256, 2, 13, 7, 60),
(257, 2, 13, 6, 56),
(258, 2, 13, 5, 52),
(259, 2, 13, 4, 48),
(260, 2, 13, 3, 44),
(261, 2, 13, 2, 40),
(262, 2, 13, 1, 36),
(263, 2, 14, 26, 100),
(264, 2, 14, 25, 99),
(265, 2, 14, 24, 98),
(266, 2, 14, 23, 97),
(267, 2, 14, 22, 96),
(268, 2, 14, 21, 95),
(269, 2, 14, 20, 94),
(270, 2, 14, 19, 93),
(271, 2, 14, 18, 92),
(272, 2, 14, 17, 91),
(273, 2, 14, 16, 90),
(274, 2, 14, 15, 87),
(275, 2, 14, 14, 83),
(276, 2, 14, 13, 79),
(277, 2, 14, 12, 75),
(278, 2, 14, 11, 71),
(279, 2, 14, 10, 67),
(280, 2, 14, 9, 63),
(281, 2, 14, 8, 59),
(282, 2, 14, 7, 55),
(283, 2, 14, 6, 51),
(284, 2, 14, 5, 47),
(285, 2, 14, 4, 43),
(286, 2, 14, 3, 39),
(287, 2, 14, 2, 35),
(288, 2, 14, 1, 31),
(289, 2, 15, 31, 100),
(290, 2, 15, 30, 99),
(291, 2, 15, 29, 98),
(292, 2, 15, 28, 97),
(293, 2, 15, 27, 96),
(294, 2, 15, 26, 95),
(295, 2, 15, 25, 94),
(296, 2, 15, 24, 93),
(297, 2, 15, 23, 92),
(298, 2, 15, 22, 91),
(299, 2, 15, 21, 90),
(300, 2, 15, 20, 89),
(301, 2, 15, 19, 88),
(302, 2, 15, 18, 87),
(303, 2, 15, 17, 86),
(304, 2, 15, 16, 85),
(305, 2, 15, 15, 82),
(306, 2, 15, 14, 78),
(307, 2, 15, 13, 74),
(308, 2, 15, 12, 70),
(309, 2, 15, 11, 66),
(310, 2, 15, 10, 62),
(311, 2, 15, 9, 58),
(312, 2, 15, 8, 54),
(313, 2, 15, 7, 50),
(314, 2, 15, 6, 46),
(315, 2, 15, 5, 42),
(316, 2, 15, 4, 38),
(317, 2, 15, 3, 34),
(318, 2, 15, 2, 30),
(319, 2, 15, 1, 26),
(320, 2, 16, 36, 100),
(321, 2, 16, 35, 99),
(322, 2, 16, 34, 98),
(323, 2, 16, 33, 97),
(324, 2, 16, 32, 96),
(325, 2, 16, 31, 95),
(326, 2, 16, 30, 94),
(327, 2, 16, 29, 93),
(328, 2, 16, 28, 92),
(329, 2, 16, 27, 91),
(330, 2, 16, 26, 90),
(331, 2, 16, 25, 89),
(332, 2, 16, 24, 88),
(333, 2, 16, 23, 87),
(334, 2, 16, 22, 86),
(335, 2, 16, 21, 85),
(336, 2, 16, 20, 84),
(337, 2, 16, 19, 83),
(338, 2, 16, 18, 82),
(339, 2, 16, 17, 80),
(340, 2, 16, 16, 78),
(341, 2, 16, 15, 75),
(342, 2, 16, 14, 71),
(343, 2, 16, 13, 67),
(344, 2, 16, 12, 63),
(345, 2, 16, 11, 59),
(346, 2, 16, 10, 55),
(347, 2, 16, 9, 51),
(348, 2, 16, 8, 47),
(349, 2, 16, 7, 43),
(350, 2, 16, 6, 39),
(351, 2, 16, 5, 35),
(352, 2, 16, 4, 31),
(353, 2, 16, 3, 27),
(354, 2, 16, 2, 23),
(355, 2, 16, 1, 19),
(356, 2, 17, 41, 100),
(357, 2, 17, 40, 99),
(358, 2, 17, 39, 98),
(359, 2, 17, 38, 97),
(360, 2, 17, 37, 96),
(361, 2, 17, 36, 95),
(362, 2, 17, 35, 94),
(363, 2, 17, 34, 93),
(364, 2, 17, 33, 92),
(365, 2, 17, 32, 91),
(366, 2, 17, 31, 90),
(367, 2, 17, 30, 89),
(368, 2, 17, 29, 88),
(369, 2, 17, 28, 87),
(370, 2, 17, 27, 86),
(371, 2, 17, 26, 84),
(372, 2, 17, 25, 82),
(373, 2, 17, 24, 80),
(374, 2, 17, 23, 78),
(375, 2, 17, 22, 76),
(376, 2, 17, 21, 74),
(377, 2, 17, 20, 72),
(378, 2, 17, 19, 70),
(379, 2, 17, 18, 68),
(380, 2, 17, 17, 67),
(381, 2, 17, 16, 66),
(382, 2, 17, 15, 63),
(383, 2, 17, 14, 59),
(384, 2, 17, 13, 55),
(385, 2, 17, 12, 51),
(386, 2, 17, 11, 47),
(387, 2, 17, 10, 43),
(388, 2, 17, 9, 39),
(389, 2, 17, 8, 35),
(390, 2, 17, 7, 31),
(391, 2, 17, 6, 27),
(392, 2, 17, 5, 23),
(393, 2, 17, 4, 19),
(394, 2, 17, 3, 15),
(395, 2, 17, 2, 11),
(396, 2, 17, 1, 7);

-- --------------------------------------------------------

--
-- Estructura de tabla para la tabla `eventos`
--

CREATE TABLE `eventos` (
  `id_evento` int(11) NOT NULL,
  `nombre_evento` varchar(30) NOT NULL,
  `descripcion_evento` varchar(100) DEFAULT NULL,
  `fecha_registro` datetime NOT NULL DEFAULT current_timestamp()
) ENGINE=InnoDB DEFAULT CHARSET=utf8 COLLATE=utf8_spanish2_ci;

--
-- Volcado de datos para la tabla `eventos`
--

INSERT INTO `eventos` (`id_evento`, `nombre_evento`, `descripcion_evento`, `fecha_registro`) VALUES
(1, 'Dominadas', 'Se realiza una serie de dominadas de acuerdo al genero y la edad', '2024-11-20 06:53:33'),
(2, 'Abdominales', 'Se realiza una serie de abdominales de acuerdo al genero y la edad', '2024-11-20 06:53:33'),
(3, 'Carrera', 'Se realiza una carrera de 1 Milla de acuerdo al genero y la edad', '2024-11-20 06:55:33');

-- --------------------------------------------------------

--
-- Estructura de tabla para la tabla `examenes`
--

CREATE TABLE `examenes` (
  `id_examen` int(11) NOT NULL,
  `nombre_examen` varchar(100) NOT NULL,
  `año_examen` int(11) NOT NULL,
  `fecha_registro` datetime NOT NULL DEFAULT current_timestamp()
) ENGINE=InnoDB DEFAULT CHARSET=utf8 COLLATE=utf8_spanish2_ci;

--
-- Volcado de datos para la tabla `examenes`
--

INSERT INTO `examenes` (`id_examen`, `nombre_examen`, `año_examen`, `fecha_registro`) VALUES
(1, 'Primer examen físico trimestral', 2024, '2024-11-20 10:00:05'),
(2, 'Segundo examen físico trimestral', 2024, '2024-11-20 10:00:31');

-- --------------------------------------------------------

--
-- Estructura de tabla para la tabla `genero`
--

CREATE TABLE `genero` (
  `id_genero` int(11) NOT NULL,
  `nombre_genero` varchar(30) NOT NULL
) ENGINE=InnoDB DEFAULT CHARSET=utf8 COLLATE=utf8_spanish2_ci;

--
-- Volcado de datos para la tabla `genero`
--

INSERT INTO `genero` (`id_genero`, `nombre_genero`) VALUES
(1, 'Masculino'),
(2, 'Femenino');

-- --------------------------------------------------------

--
-- Estructura de tabla para la tabla `informacion_sistema`
--

CREATE TABLE `informacion_sistema` (
  `id` int(30) NOT NULL,
  `name` text NOT NULL,
  `email` varchar(200) NOT NULL,
  `address` text NOT NULL,
  `cover_img` text NOT NULL
) ENGINE=InnoDB DEFAULT CHARSET=utf8 COLLATE=utf8_spanish2_ci;

--
-- Volcado de datos para la tabla `informacion_sistema`
--

INSERT INTO `informacion_sistema` (`id`, `name`, `email`, `address`, `cover_img`) VALUES
(1, 'Sistema Prueba de Aptitud Física del Ejército de Guatemala', 'pafe@ejercito.mil.com', 'Antigua Guatemala', '1605927480_download.jpg');

-- --------------------------------------------------------

--
-- Estructura de tabla para la tabla `usuarios`
--

CREATE TABLE `usuarios` (
  `id_usuario` int(11) NOT NULL,
  `nombres` varchar(30) NOT NULL,
  `apellidos` varchar(30) NOT NULL,
  `username` text NOT NULL,
  `password` text NOT NULL,
  `tipo` tinyint(1) NOT NULL DEFAULT 1 COMMENT '1 = Aministrador, 2 = Operador',
  `estado` int(1) NOT NULL DEFAULT 1 COMMENT '0 = inactivo, 1 = activo',
  `fecha_creado` datetime NOT NULL DEFAULT current_timestamp(),
  `fecha_actualizo` datetime DEFAULT NULL ON UPDATE current_timestamp()
) ENGINE=InnoDB DEFAULT CHARSET=utf8 COLLATE=utf8_spanish2_ci;

--
-- Volcado de datos para la tabla `usuarios`
--

INSERT INTO `usuarios` (`id_usuario`, `nombres`, `apellidos`, `username`, `password`, `tipo`, `estado`, `fecha_creado`, `fecha_actualizo`) VALUES
(1, 'Jean', 'Fuentes', 'jfuentes', 'cd346f634478f92f22821d9b17f48558', 1, 1, '2024-11-20 14:02:30', '2024-11-26 08:09:08');

--
-- Índices para tablas volcadas
--

--
-- Indices de la tabla `abdominales`
--
ALTER TABLE `abdominales`
  ADD PRIMARY KEY (`id_abdominales`),
  ADD KEY `fk_abdominal_genero` (`id_genero`);

--
-- Indices de la tabla `alumnos`
--
ALTER TABLE `alumnos`
  ADD PRIMARY KEY (`id_alumno`),
  ADD KEY `fk_alumno_genero` (`id_genero`);

--
-- Indices de la tabla `calificaciones`
--
ALTER TABLE `calificaciones`
  ADD PRIMARY KEY (`id_calificacion`),
  ADD KEY `fk_califica_alumno` (`id_alumno`),
  ADD KEY `fk_califica_examen` (`id_examen`);

--
-- Indices de la tabla `carrera`
--
ALTER TABLE `carrera`
  ADD PRIMARY KEY (`id_carrera`),
  ADD KEY `fk_carrera_genero` (`id_genero`);

--
-- Indices de la tabla `detalle_calificaciones`
--
ALTER TABLE `detalle_calificaciones`
  ADD PRIMARY KEY (`id_detalle_calificacion`),
  ADD KEY `fk_detalle_calificacion` (`id_calificacion`),
  ADD KEY `fk_detalle_evento` (`id_evento`);

--
-- Indices de la tabla `dominadas`
--
ALTER TABLE `dominadas`
  ADD PRIMARY KEY (`id_dominada`),
  ADD KEY `fk_dominada_genero` (`id_genero`);

--
-- Indices de la tabla `eventos`
--
ALTER TABLE `eventos`
  ADD PRIMARY KEY (`id_evento`);

--
-- Indices de la tabla `examenes`
--
ALTER TABLE `examenes`
  ADD PRIMARY KEY (`id_examen`);

--
-- Indices de la tabla `genero`
--
ALTER TABLE `genero`
  ADD PRIMARY KEY (`id_genero`);

--
-- Indices de la tabla `informacion_sistema`
--
ALTER TABLE `informacion_sistema`
  ADD PRIMARY KEY (`id`);

--
-- Indices de la tabla `usuarios`
--
ALTER TABLE `usuarios`
  ADD PRIMARY KEY (`id_usuario`);

--
-- AUTO_INCREMENT de las tablas volcadas
--

--
-- AUTO_INCREMENT de la tabla `abdominales`
--
ALTER TABLE `abdominales`
  MODIFY `id_abdominales` int(11) NOT NULL AUTO_INCREMENT, AUTO_INCREMENT=421;

--
-- AUTO_INCREMENT de la tabla `alumnos`
--
ALTER TABLE `alumnos`
  MODIFY `id_alumno` int(11) NOT NULL AUTO_INCREMENT, AUTO_INCREMENT=5;

--
-- AUTO_INCREMENT de la tabla `calificaciones`
--
ALTER TABLE `calificaciones`
  MODIFY `id_calificacion` int(11) NOT NULL AUTO_INCREMENT;

--
-- AUTO_INCREMENT de la tabla `carrera`
--
ALTER TABLE `carrera`
  MODIFY `id_carrera` int(11) NOT NULL AUTO_INCREMENT, AUTO_INCREMENT=727;

--
-- AUTO_INCREMENT de la tabla `detalle_calificaciones`
--
ALTER TABLE `detalle_calificaciones`
  MODIFY `id_detalle_calificacion` int(11) NOT NULL AUTO_INCREMENT;

--
-- AUTO_INCREMENT de la tabla `dominadas`
--
ALTER TABLE `dominadas`
  MODIFY `id_dominada` int(11) NOT NULL AUTO_INCREMENT, AUTO_INCREMENT=397;

--
-- AUTO_INCREMENT de la tabla `eventos`
--
ALTER TABLE `eventos`
  MODIFY `id_evento` int(11) NOT NULL AUTO_INCREMENT, AUTO_INCREMENT=4;

--
-- AUTO_INCREMENT de la tabla `examenes`
--
ALTER TABLE `examenes`
  MODIFY `id_examen` int(11) NOT NULL AUTO_INCREMENT, AUTO_INCREMENT=3;

--
-- AUTO_INCREMENT de la tabla `informacion_sistema`
--
ALTER TABLE `informacion_sistema`
  MODIFY `id` int(30) NOT NULL AUTO_INCREMENT, AUTO_INCREMENT=2;

--
-- AUTO_INCREMENT de la tabla `usuarios`
--
ALTER TABLE `usuarios`
  MODIFY `id_usuario` int(11) NOT NULL AUTO_INCREMENT, AUTO_INCREMENT=2;

--
-- Restricciones para tablas volcadas
--

--
-- Filtros para la tabla `abdominales`
--
ALTER TABLE `abdominales`
  ADD CONSTRAINT `fk_abdominal_genero` FOREIGN KEY (`id_genero`) REFERENCES `genero` (`id_genero`);

--
-- Filtros para la tabla `alumnos`
--
ALTER TABLE `alumnos`
  ADD CONSTRAINT `fk_alumno_genero` FOREIGN KEY (`id_genero`) REFERENCES `genero` (`id_genero`);

--
-- Filtros para la tabla `calificaciones`
--
ALTER TABLE `calificaciones`
  ADD CONSTRAINT `fk_califica_alumno` FOREIGN KEY (`id_alumno`) REFERENCES `alumnos` (`id_alumno`),
  ADD CONSTRAINT `fk_califica_examen` FOREIGN KEY (`id_examen`) REFERENCES `examenes` (`id_examen`);

--
-- Filtros para la tabla `carrera`
--
ALTER TABLE `carrera`
  ADD CONSTRAINT `fk_carrera_genero` FOREIGN KEY (`id_genero`) REFERENCES `genero` (`id_genero`);

--
-- Filtros para la tabla `detalle_calificaciones`
--
ALTER TABLE `detalle_calificaciones`
  ADD CONSTRAINT `fk_detalle_calificacion` FOREIGN KEY (`id_calificacion`) REFERENCES `calificaciones` (`id_calificacion`),
  ADD CONSTRAINT `fk_detalle_evento` FOREIGN KEY (`id_evento`) REFERENCES `eventos` (`id_evento`);

--
-- Filtros para la tabla `dominadas`
--
ALTER TABLE `dominadas`
  ADD CONSTRAINT `fk_dominada_genero` FOREIGN KEY (`id_genero`) REFERENCES `genero` (`id_genero`);
COMMIT;

/*!40101 SET CHARACTER_SET_CLIENT=@OLD_CHARACTER_SET_CLIENT */;
/*!40101 SET CHARACTER_SET_RESULTS=@OLD_CHARACTER_SET_RESULTS */;
/*!40101 SET COLLATION_CONNECTION=@OLD_COLLATION_CONNECTION */;
